aoi,year,vh_area_km2,jrc_area_km2,overlap_km2,vh_agreement_pct,jrc_coverage_pct
Mekong_Delta,2018,48396.36388850557,44974.257744736606,41298.956950138396,85.33483433855069,91.8279901016747
Tonle_Sap,2018,15095.684563460536,11708.51273169662,11438.187469700602,75.77124059273872,97.691207515501
