category,area_km2,percentage
Open Water,21592.98550311302,77.76677312741998
Flooded Vegetation,6173.353043213389,22.23322687258003
Total Inundation,27766.338546326406,100.0
