aoi,year,vh_area_km2,jrc_area_km2,overlap_km2,vh_agreement_pct,jrc_coverage_pct,jaccard_index_pct
Mekong_Delta,2018,66324.89243394017,44974.257744736606,41770.90520544512,62.979227967914284,92.87736429698747,60.07760618943696
Tonle_Sap,2018,29576.70772609801,11708.51273169662,11501.430209766473,38.88678319533785,98.23135075585179,38.616408838455094
